"STATISTIÈNA REGIJA";"VIR FINANCIRANJA";"LETO";"Delež izdatkov za raziskovalno-razvojno dejavnost v poslovnem sektorju po virih financiranja izdatkov [%]"
"Pomurska";"Gospodarske družbe";"2003";92.2
"Pomurska";"Gospodarske družbe";"2004";91.1
"Pomurska";"Gospodarske družbe";"2005";88.0
"Pomurska";"Gospodarske družbe";"2006";72.4
"Pomurska";"Gospodarske družbe";"2007";96.5
"Pomurska";"Gospodarske družbe";"2008";89.8
"Pomurska";"Gospodarske družbe";"2009";90.2
"Pomurska";"Gospodarske družbe";"2010";88.5
"Pomurska";"Gospodarske družbe";"2011";92.1
"Pomurska";"Gospodarske družbe";"2012";73.8
"Pomurska";"Gospodarske družbe";"2013";79.0
"Pomurska";"Gospodarske družbe";"2014";78.9
"Pomurska";"Državni viri";"2003";7.9
"Pomurska";"Državni viri";"2004";8.8
"Pomurska";"Državni viri";"2005";7.9
"Pomurska";"Državni viri";"2006";3.9
"Pomurska";"Državni viri";"2007";2.0
"Pomurska";"Državni viri";"2008";6.4
"Pomurska";"Državni viri";"2009";9.0
"Pomurska";"Državni viri";"2010";11.3
"Pomurska";"Državni viri";"2011";7.5
"Pomurska";"Državni viri";"2012";26.2
"Pomurska";"Državni viri";"2013";20.7
"Pomurska";"Državni viri";"2014";20.1
"Pomurska";"Zasebne nepridobitne organizacije";"2003";0.0
"Pomurska";"Zasebne nepridobitne organizacije";"2004";0.0
"Pomurska";"Zasebne nepridobitne organizacije";"2005";0.0
"Pomurska";"Zasebne nepridobitne organizacije";"2006";23.1
"Pomurska";"Zasebne nepridobitne organizacije";"2007";0.0
"Pomurska";"Zasebne nepridobitne organizacije";"2008";0.0
"Pomurska";"Zasebne nepridobitne organizacije";"2009";0.0
"Pomurska";"Zasebne nepridobitne organizacije";"2010";0.0
"Pomurska";"Zasebne nepridobitne organizacije";"2011";0.0
"Pomurska";"Zasebne nepridobitne organizacije";"2012";0.0
"Pomurska";"Zasebne nepridobitne organizacije";"2013";0.0
"Pomurska";"Zasebne nepridobitne organizacije";"2014";0.0
"Pomurska";"Viri iz tujine";"2003";0.0
"Pomurska";"Viri iz tujine";"2004";0.0
"Pomurska";"Viri iz tujine";"2005";4.0
"Pomurska";"Viri iz tujine";"2006";0.7
"Pomurska";"Viri iz tujine";"2007";1.5
"Pomurska";"Viri iz tujine";"2008";3.8
"Pomurska";"Viri iz tujine";"2009";0.8
"Pomurska";"Viri iz tujine";"2010";0.3
"Pomurska";"Viri iz tujine";"2011";0.4
"Pomurska";"Viri iz tujine";"2012";0.0
"Pomurska";"Viri iz tujine";"2013";0.3
"Pomurska";"Viri iz tujine";"2014";0.9
"Podravska";"Gospodarske družbe";"2003";88.3
"Podravska";"Gospodarske družbe";"2004";86.0
"Podravska";"Gospodarske družbe";"2005";89.8
"Podravska";"Gospodarske družbe";"2006";82.3
"Podravska";"Gospodarske družbe";"2007";78.7
"Podravska";"Gospodarske družbe";"2008";81.4
"Podravska";"Gospodarske družbe";"2009";84.5
"Podravska";"Gospodarske družbe";"2010";72.2
"Podravska";"Gospodarske družbe";"2011";45.8
"Podravska";"Gospodarske družbe";"2012";65.1
"Podravska";"Gospodarske družbe";"2013";79.9
"Podravska";"Gospodarske družbe";"2014";84.4
"Podravska";"Državni viri";"2003";10.0
"Podravska";"Državni viri";"2004";12.9
"Podravska";"Državni viri";"2005";9.6
"Podravska";"Državni viri";"2006";16.9
"Podravska";"Državni viri";"2007";20.9
"Podravska";"Državni viri";"2008";16.2
"Podravska";"Državni viri";"2009";14.8
"Podravska";"Državni viri";"2010";24.0
"Podravska";"Državni viri";"2011";47.1
"Podravska";"Državni viri";"2012";28.6
"Podravska";"Državni viri";"2013";14.5
"Podravska";"Državni viri";"2014";9.6
"Podravska";"Zasebne nepridobitne organizacije";"2003";0.0
"Podravska";"Zasebne nepridobitne organizacije";"2004";0.0
"Podravska";"Zasebne nepridobitne organizacije";"2005";0.0
"Podravska";"Zasebne nepridobitne organizacije";"2006";0.0
"Podravska";"Zasebne nepridobitne organizacije";"2007";0.0
"Podravska";"Zasebne nepridobitne organizacije";"2008";0.0
"Podravska";"Zasebne nepridobitne organizacije";"2009";0.0
"Podravska";"Zasebne nepridobitne organizacije";"2010";0.0
"Podravska";"Zasebne nepridobitne organizacije";"2011";0.0
"Podravska";"Zasebne nepridobitne organizacije";"2012";0.0
"Podravska";"Zasebne nepridobitne organizacije";"2013";0.0
"Podravska";"Zasebne nepridobitne organizacije";"2014";0.0
"Podravska";"Viri iz tujine";"2003";1.7
"Podravska";"Viri iz tujine";"2004";1.1
"Podravska";"Viri iz tujine";"2005";0.7
"Podravska";"Viri iz tujine";"2006";0.8
"Podravska";"Viri iz tujine";"2007";0.4
"Podravska";"Viri iz tujine";"2008";2.3
"Podravska";"Viri iz tujine";"2009";0.7
"Podravska";"Viri iz tujine";"2010";3.8
"Podravska";"Viri iz tujine";"2011";7.1
"Podravska";"Viri iz tujine";"2012";6.3
"Podravska";"Viri iz tujine";"2013";5.6
"Podravska";"Viri iz tujine";"2014";6.0
"Koroška";"Gospodarske družbe";"2003";94.4
"Koroška";"Gospodarske družbe";"2004";98.0
"Koroška";"Gospodarske družbe";"2005";90.9
"Koroška";"Gospodarske družbe";"2006";90.9
"Koroška";"Gospodarske družbe";"2007";89.8
"Koroška";"Gospodarske družbe";"2008";92.1
"Koroška";"Gospodarske družbe";"2009";96.9
"Koroška";"Gospodarske družbe";"2010";80.8
"Koroška";"Gospodarske družbe";"2011";84.5
"Koroška";"Gospodarske družbe";"2012";77.6
"Koroška";"Gospodarske družbe";"2013";86.1
"Koroška";"Gospodarske družbe";"2014";82.2
"Koroška";"Državni viri";"2003";5.5
"Koroška";"Državni viri";"2004";1.2
"Koroška";"Državni viri";"2005";6.6
"Koroška";"Državni viri";"2006";9.1
"Koroška";"Državni viri";"2007";10.2
"Koroška";"Državni viri";"2008";7.9
"Koroška";"Državni viri";"2009";3.1
"Koroška";"Državni viri";"2010";19.2
"Koroška";"Državni viri";"2011";14.6
"Koroška";"Državni viri";"2012";9.8
"Koroška";"Državni viri";"2013";13.9
"Koroška";"Državni viri";"2014";17.8
"Koroška";"Zasebne nepridobitne organizacije";"2003";0.0
"Koroška";"Zasebne nepridobitne organizacije";"2004";0.0
"Koroška";"Zasebne nepridobitne organizacije";"2005";0.2
"Koroška";"Zasebne nepridobitne organizacije";"2006";0.0
"Koroška";"Zasebne nepridobitne organizacije";"2007";0.0
"Koroška";"Zasebne nepridobitne organizacije";"2008";0.0
"Koroška";"Zasebne nepridobitne organizacije";"2009";0.0
"Koroška";"Zasebne nepridobitne organizacije";"2010";0.0
"Koroška";"Zasebne nepridobitne organizacije";"2011";0.0
"Koroška";"Zasebne nepridobitne organizacije";"2012";0.0
"Koroška";"Zasebne nepridobitne organizacije";"2013";0.0
"Koroška";"Zasebne nepridobitne organizacije";"2014";0.0
"Koroška";"Viri iz tujine";"2003";0.0
"Koroška";"Viri iz tujine";"2004";0.7
"Koroška";"Viri iz tujine";"2005";2.4
"Koroška";"Viri iz tujine";"2006";0.0
"Koroška";"Viri iz tujine";"2007";0.0
"Koroška";"Viri iz tujine";"2008";0.0
"Koroška";"Viri iz tujine";"2009";0.0
"Koroška";"Viri iz tujine";"2010";0.0
"Koroška";"Viri iz tujine";"2011";0.9
"Koroška";"Viri iz tujine";"2012";12.6
"Koroška";"Viri iz tujine";"2013";0.0
"Koroška";"Viri iz tujine";"2014";0.0
"Savinjska";"Gospodarske družbe";"2003";93.5
"Savinjska";"Gospodarske družbe";"2004";91.8
"Savinjska";"Gospodarske družbe";"2005";91.6
"Savinjska";"Gospodarske družbe";"2006";90.5
"Savinjska";"Gospodarske družbe";"2007";75.9
"Savinjska";"Gospodarske družbe";"2008";92.4
"Savinjska";"Gospodarske družbe";"2009";82.3
"Savinjska";"Gospodarske družbe";"2010";74.7
"Savinjska";"Gospodarske družbe";"2011";76.0
"Savinjska";"Gospodarske družbe";"2012";82.4
"Savinjska";"Gospodarske družbe";"2013";87.3
"Savinjska";"Gospodarske družbe";"2014";91.5
"Savinjska";"Državni viri";"2003";3.5
"Savinjska";"Državni viri";"2004";4.1
"Savinjska";"Državni viri";"2005";6.4
"Savinjska";"Državni viri";"2006";5.9
"Savinjska";"Državni viri";"2007";18.0
"Savinjska";"Državni viri";"2008";4.0
"Savinjska";"Državni viri";"2009";12.1
"Savinjska";"Državni viri";"2010";21.4
"Savinjska";"Državni viri";"2011";20.0
"Savinjska";"Državni viri";"2012";15.1
"Savinjska";"Državni viri";"2013";10.3
"Savinjska";"Državni viri";"2014";6.2
"Savinjska";"Zasebne nepridobitne organizacije";"2003";0.0
"Savinjska";"Zasebne nepridobitne organizacije";"2004";0.0
"Savinjska";"Zasebne nepridobitne organizacije";"2005";0.0
"Savinjska";"Zasebne nepridobitne organizacije";"2006";0.1
"Savinjska";"Zasebne nepridobitne organizacije";"2007";0.0
"Savinjska";"Zasebne nepridobitne organizacije";"2008";0.0
"Savinjska";"Zasebne nepridobitne organizacije";"2009";0.0
"Savinjska";"Zasebne nepridobitne organizacije";"2010";0.0
"Savinjska";"Zasebne nepridobitne organizacije";"2011";0.0
"Savinjska";"Zasebne nepridobitne organizacije";"2012";0.0
"Savinjska";"Zasebne nepridobitne organizacije";"2013";0.0
"Savinjska";"Zasebne nepridobitne organizacije";"2014";0.0
"Savinjska";"Viri iz tujine";"2003";3.1
"Savinjska";"Viri iz tujine";"2004";4.0
"Savinjska";"Viri iz tujine";"2005";2.0
"Savinjska";"Viri iz tujine";"2006";3.5
"Savinjska";"Viri iz tujine";"2007";6.1
"Savinjska";"Viri iz tujine";"2008";3.5
"Savinjska";"Viri iz tujine";"2009";5.6
"Savinjska";"Viri iz tujine";"2010";3.9
"Savinjska";"Viri iz tujine";"2011";4.0
"Savinjska";"Viri iz tujine";"2012";2.5
"Savinjska";"Viri iz tujine";"2013";2.4
"Savinjska";"Viri iz tujine";"2014";2.3
"Zasavska";"Gospodarske družbe";"2003";97.9
"Zasavska";"Gospodarske družbe";"2004";97.8
"Zasavska";"Gospodarske družbe";"2005";92.7
"Zasavska";"Gospodarske družbe";"2006";94.1
"Zasavska";"Gospodarske družbe";"2007";98.0
"Zasavska";"Gospodarske družbe";"2008";96.1
"Zasavska";"Gospodarske družbe";"2009";85.1
"Zasavska";"Gospodarske družbe";"2010";77.4
"Zasavska";"Gospodarske družbe";"2011";81.8
"Zasavska";"Gospodarske družbe";"2012";97.0
"Zasavska";"Gospodarske družbe";"2013";65.2
"Zasavska";"Gospodarske družbe";"2014";85.3
"Zasavska";"Državni viri";"2003";2.1
"Zasavska";"Državni viri";"2004";2.2
"Zasavska";"Državni viri";"2005";5.9
"Zasavska";"Državni viri";"2006";4.6
"Zasavska";"Državni viri";"2007";1.5
"Zasavska";"Državni viri";"2008";3.5
"Zasavska";"Državni viri";"2009";14.8
"Zasavska";"Državni viri";"2010";22.3
"Zasavska";"Državni viri";"2011";15.5
"Zasavska";"Državni viri";"2012";2.6
"Zasavska";"Državni viri";"2013";33.9
"Zasavska";"Državni viri";"2014";14.5
"Zasavska";"Zasebne nepridobitne organizacije";"2003";0.0
"Zasavska";"Zasebne nepridobitne organizacije";"2004";0.0
"Zasavska";"Zasebne nepridobitne organizacije";"2005";0.0
"Zasavska";"Zasebne nepridobitne organizacije";"2006";0.0
"Zasavska";"Zasebne nepridobitne organizacije";"2007";0.0
"Zasavska";"Zasebne nepridobitne organizacije";"2008";0.0
"Zasavska";"Zasebne nepridobitne organizacije";"2009";0.0
"Zasavska";"Zasebne nepridobitne organizacije";"2010";0.0
"Zasavska";"Zasebne nepridobitne organizacije";"2011";0.0
"Zasavska";"Zasebne nepridobitne organizacije";"2012";0.0
"Zasavska";"Zasebne nepridobitne organizacije";"2013";0.0
"Zasavska";"Zasebne nepridobitne organizacije";"2014";0.0
"Zasavska";"Viri iz tujine";"2003";0.0
"Zasavska";"Viri iz tujine";"2004";0.0
"Zasavska";"Viri iz tujine";"2005";1.3
"Zasavska";"Viri iz tujine";"2006";1.3
"Zasavska";"Viri iz tujine";"2007";0.5
"Zasavska";"Viri iz tujine";"2008";0.4
"Zasavska";"Viri iz tujine";"2009";0.1
"Zasavska";"Viri iz tujine";"2010";0.3
"Zasavska";"Viri iz tujine";"2011";2.8
"Zasavska";"Viri iz tujine";"2012";0.4
"Zasavska";"Viri iz tujine";"2013";0.9
"Zasavska";"Viri iz tujine";"2014";0.2
"Posavska";"Gospodarske družbe";"2003";37.4
"Posavska";"Gospodarske družbe";"2004";44.4
"Posavska";"Gospodarske družbe";"2005";100.0
"Posavska";"Gospodarske družbe";"2006";96.7
"Posavska";"Gospodarske družbe";"2007";58.7
"Posavska";"Gospodarske družbe";"2008";72.5
"Posavska";"Gospodarske družbe";"2009";74.3
"Posavska";"Gospodarske družbe";"2010";66.6
"Posavska";"Gospodarske družbe";"2011";82.5
"Posavska";"Gospodarske družbe";"2012";50.1
"Posavska";"Gospodarske družbe";"2013";73.7
"Posavska";"Gospodarske družbe";"2014";81.0
"Posavska";"Državni viri";"2003";62.4
"Posavska";"Državni viri";"2004";55.6
"Posavska";"Državni viri";"2005";0.0
"Posavska";"Državni viri";"2006";2.8
"Posavska";"Državni viri";"2007";3.9
"Posavska";"Državni viri";"2008";3.4
"Posavska";"Državni viri";"2009";2.3
"Posavska";"Državni viri";"2010";16.6
"Posavska";"Državni viri";"2011";4.3
"Posavska";"Državni viri";"2012";7.6
"Posavska";"Državni viri";"2013";6.3
"Posavska";"Državni viri";"2014";4.5
"Posavska";"Zasebne nepridobitne organizacije";"2003";0.0
"Posavska";"Zasebne nepridobitne organizacije";"2004";0.0
"Posavska";"Zasebne nepridobitne organizacije";"2005";0.0
"Posavska";"Zasebne nepridobitne organizacije";"2006";0.0
"Posavska";"Zasebne nepridobitne organizacije";"2007";0.0
"Posavska";"Zasebne nepridobitne organizacije";"2008";0.0
"Posavska";"Zasebne nepridobitne organizacije";"2009";0.0
"Posavska";"Zasebne nepridobitne organizacije";"2010";0.0
"Posavska";"Zasebne nepridobitne organizacije";"2011";0.0
"Posavska";"Zasebne nepridobitne organizacije";"2012";0.0
"Posavska";"Zasebne nepridobitne organizacije";"2013";0.0
"Posavska";"Zasebne nepridobitne organizacije";"2014";0.0
"Posavska";"Viri iz tujine";"2003";0.0
"Posavska";"Viri iz tujine";"2004";0.0
"Posavska";"Viri iz tujine";"2005";0.0
"Posavska";"Viri iz tujine";"2006";0.5
"Posavska";"Viri iz tujine";"2007";37.3
"Posavska";"Viri iz tujine";"2008";24.2
"Posavska";"Viri iz tujine";"2009";23.4
"Posavska";"Viri iz tujine";"2010";16.8
"Posavska";"Viri iz tujine";"2011";13.1
"Posavska";"Viri iz tujine";"2012";42.2
"Posavska";"Viri iz tujine";"2013";20.0
"Posavska";"Viri iz tujine";"2014";14.5
"Jugovzhodna Slovenija";"Gospodarske družbe";"2003";91.4
"Jugovzhodna Slovenija";"Gospodarske družbe";"2004";95.8
"Jugovzhodna Slovenija";"Gospodarske družbe";"2005";98.8
"Jugovzhodna Slovenija";"Gospodarske družbe";"2006";98.6
"Jugovzhodna Slovenija";"Gospodarske družbe";"2007";98.5
"Jugovzhodna Slovenija";"Gospodarske družbe";"2008";97.6
"Jugovzhodna Slovenija";"Gospodarske družbe";"2009";94.9
"Jugovzhodna Slovenija";"Gospodarske družbe";"2010";94.3
"Jugovzhodna Slovenija";"Gospodarske družbe";"2011";95.4
"Jugovzhodna Slovenija";"Gospodarske družbe";"2012";91.7
"Jugovzhodna Slovenija";"Gospodarske družbe";"2013";91.4
"Jugovzhodna Slovenija";"Gospodarske družbe";"2014";92.5
"Jugovzhodna Slovenija";"Državni viri";"2003";1.5
"Jugovzhodna Slovenija";"Državni viri";"2004";1.3
"Jugovzhodna Slovenija";"Državni viri";"2005";1.0
"Jugovzhodna Slovenija";"Državni viri";"2006";1.4
"Jugovzhodna Slovenija";"Državni viri";"2007";1.5
"Jugovzhodna Slovenija";"Državni viri";"2008";0.8
"Jugovzhodna Slovenija";"Državni viri";"2009";3.0
"Jugovzhodna Slovenija";"Državni viri";"2010";3.3
"Jugovzhodna Slovenija";"Državni viri";"2011";2.4
"Jugovzhodna Slovenija";"Državni viri";"2012";4.2
"Jugovzhodna Slovenija";"Državni viri";"2013";3.3
"Jugovzhodna Slovenija";"Državni viri";"2014";2.5
"Jugovzhodna Slovenija";"Zasebne nepridobitne organizacije";"2003";0.0
"Jugovzhodna Slovenija";"Zasebne nepridobitne organizacije";"2004";0.0
"Jugovzhodna Slovenija";"Zasebne nepridobitne organizacije";"2005";0.0
"Jugovzhodna Slovenija";"Zasebne nepridobitne organizacije";"2006";0.0
"Jugovzhodna Slovenija";"Zasebne nepridobitne organizacije";"2007";0.0
"Jugovzhodna Slovenija";"Zasebne nepridobitne organizacije";"2008";0.0
"Jugovzhodna Slovenija";"Zasebne nepridobitne organizacije";"2009";0.0
"Jugovzhodna Slovenija";"Zasebne nepridobitne organizacije";"2010";0.0
"Jugovzhodna Slovenija";"Zasebne nepridobitne organizacije";"2011";0.0
"Jugovzhodna Slovenija";"Zasebne nepridobitne organizacije";"2012";0.0
"Jugovzhodna Slovenija";"Zasebne nepridobitne organizacije";"2013";0.0
"Jugovzhodna Slovenija";"Zasebne nepridobitne organizacije";"2014";0.0
"Jugovzhodna Slovenija";"Viri iz tujine";"2003";7.2
"Jugovzhodna Slovenija";"Viri iz tujine";"2004";2.9
"Jugovzhodna Slovenija";"Viri iz tujine";"2005";0.2
"Jugovzhodna Slovenija";"Viri iz tujine";"2006";0.0
"Jugovzhodna Slovenija";"Viri iz tujine";"2007";0.1
"Jugovzhodna Slovenija";"Viri iz tujine";"2008";1.5
"Jugovzhodna Slovenija";"Viri iz tujine";"2009";2.1
"Jugovzhodna Slovenija";"Viri iz tujine";"2010";2.3
"Jugovzhodna Slovenija";"Viri iz tujine";"2011";2.2
"Jugovzhodna Slovenija";"Viri iz tujine";"2012";4.1
"Jugovzhodna Slovenija";"Viri iz tujine";"2013";5.3
"Jugovzhodna Slovenija";"Viri iz tujine";"2014";5.0
"Osrednjeslovenska";"Gospodarske družbe";"2003";83.2
"Osrednjeslovenska";"Gospodarske družbe";"2004";79.2
"Osrednjeslovenska";"Gospodarske družbe";"2005";75.5
"Osrednjeslovenska";"Gospodarske družbe";"2006";83.7
"Osrednjeslovenska";"Gospodarske družbe";"2007";88.0
"Osrednjeslovenska";"Gospodarske družbe";"2008";86.3
"Osrednjeslovenska";"Gospodarske družbe";"2009";80.5
"Osrednjeslovenska";"Gospodarske družbe";"2010";77.0
"Osrednjeslovenska";"Gospodarske družbe";"2011";48.0
"Osrednjeslovenska";"Gospodarske družbe";"2012";75.5
"Osrednjeslovenska";"Gospodarske družbe";"2013";74.1
"Osrednjeslovenska";"Gospodarske družbe";"2014";79.9
"Osrednjeslovenska";"Državni viri";"2003";5.0
"Osrednjeslovenska";"Državni viri";"2004";4.6
"Osrednjeslovenska";"Državni viri";"2005";8.2
"Osrednjeslovenska";"Državni viri";"2006";7.8
"Osrednjeslovenska";"Državni viri";"2007";8.4
"Osrednjeslovenska";"Državni viri";"2008";7.8
"Osrednjeslovenska";"Državni viri";"2009";12.5
"Osrednjeslovenska";"Državni viri";"2010";16.2
"Osrednjeslovenska";"Državni viri";"2011";42.4
"Osrednjeslovenska";"Državni viri";"2012";14.2
"Osrednjeslovenska";"Državni viri";"2013";15.6
"Osrednjeslovenska";"Državni viri";"2014";8.1
"Osrednjeslovenska";"Zasebne nepridobitne organizacije";"2003";0.2
"Osrednjeslovenska";"Zasebne nepridobitne organizacije";"2004";0.1
"Osrednjeslovenska";"Zasebne nepridobitne organizacije";"2005";0.0
"Osrednjeslovenska";"Zasebne nepridobitne organizacije";"2006";0.0
"Osrednjeslovenska";"Zasebne nepridobitne organizacije";"2007";0.0
"Osrednjeslovenska";"Zasebne nepridobitne organizacije";"2008";0.0
"Osrednjeslovenska";"Zasebne nepridobitne organizacije";"2009";0.0
"Osrednjeslovenska";"Zasebne nepridobitne organizacije";"2010";0.2
"Osrednjeslovenska";"Zasebne nepridobitne organizacije";"2011";0.0
"Osrednjeslovenska";"Zasebne nepridobitne organizacije";"2012";0.0
"Osrednjeslovenska";"Zasebne nepridobitne organizacije";"2013";0.0
"Osrednjeslovenska";"Zasebne nepridobitne organizacije";"2014";0.1
"Osrednjeslovenska";"Viri iz tujine";"2003";11.6
"Osrednjeslovenska";"Viri iz tujine";"2004";16.1
"Osrednjeslovenska";"Viri iz tujine";"2005";16.3
"Osrednjeslovenska";"Viri iz tujine";"2006";8.5
"Osrednjeslovenska";"Viri iz tujine";"2007";3.7
"Osrednjeslovenska";"Viri iz tujine";"2008";5.9
"Osrednjeslovenska";"Viri iz tujine";"2009";7.0
"Osrednjeslovenska";"Viri iz tujine";"2010";6.7
"Osrednjeslovenska";"Viri iz tujine";"2011";9.6
"Osrednjeslovenska";"Viri iz tujine";"2012";10.3
"Osrednjeslovenska";"Viri iz tujine";"2013";10.3
"Osrednjeslovenska";"Viri iz tujine";"2014";11.9
"Gorenjska";"Gospodarske družbe";"2003";35.7
"Gorenjska";"Gospodarske družbe";"2004";72.5
"Gorenjska";"Gospodarske družbe";"2005";95.0
"Gorenjska";"Gospodarske družbe";"2006";96.9
"Gorenjska";"Gospodarske družbe";"2007";91.5
"Gorenjska";"Gospodarske družbe";"2008";94.6
"Gorenjska";"Gospodarske družbe";"2009";82.5
"Gorenjska";"Gospodarske družbe";"2010";80.9
"Gorenjska";"Gospodarske družbe";"2011";85.1
"Gorenjska";"Gospodarske družbe";"2012";82.7
"Gorenjska";"Gospodarske družbe";"2013";83.3
"Gorenjska";"Gospodarske družbe";"2014";87.7
"Gorenjska";"Državni viri";"2003";42.5
"Gorenjska";"Državni viri";"2004";5.4
"Gorenjska";"Državni viri";"2005";4.9
"Gorenjska";"Državni viri";"2006";2.4
"Gorenjska";"Državni viri";"2007";6.1
"Gorenjska";"Državni viri";"2008";4.0
"Gorenjska";"Državni viri";"2009";16.8
"Gorenjska";"Državni viri";"2010";18.8
"Gorenjska";"Državni viri";"2011";12.6
"Gorenjska";"Državni viri";"2012";9.4
"Gorenjska";"Državni viri";"2013";10.3
"Gorenjska";"Državni viri";"2014";9.2
"Gorenjska";"Zasebne nepridobitne organizacije";"2003";0.0
"Gorenjska";"Zasebne nepridobitne organizacije";"2004";0.0
"Gorenjska";"Zasebne nepridobitne organizacije";"2005";0.0
"Gorenjska";"Zasebne nepridobitne organizacije";"2006";0.0
"Gorenjska";"Zasebne nepridobitne organizacije";"2007";0.0
"Gorenjska";"Zasebne nepridobitne organizacije";"2008";0.0
"Gorenjska";"Zasebne nepridobitne organizacije";"2009";0.0
"Gorenjska";"Zasebne nepridobitne organizacije";"2010";0.0
"Gorenjska";"Zasebne nepridobitne organizacije";"2011";0.0
"Gorenjska";"Zasebne nepridobitne organizacije";"2012";0.3
"Gorenjska";"Zasebne nepridobitne organizacije";"2013";0.0
"Gorenjska";"Zasebne nepridobitne organizacije";"2014";0.0
"Gorenjska";"Viri iz tujine";"2003";21.8
"Gorenjska";"Viri iz tujine";"2004";22.1
"Gorenjska";"Viri iz tujine";"2005";0.1
"Gorenjska";"Viri iz tujine";"2006";0.8
"Gorenjska";"Viri iz tujine";"2007";2.4
"Gorenjska";"Viri iz tujine";"2008";1.3
"Gorenjska";"Viri iz tujine";"2009";0.7
"Gorenjska";"Viri iz tujine";"2010";0.3
"Gorenjska";"Viri iz tujine";"2011";2.3
"Gorenjska";"Viri iz tujine";"2012";7.6
"Gorenjska";"Viri iz tujine";"2013";6.5
"Gorenjska";"Viri iz tujine";"2014";3.2
"Primorsko-notranjska";"Gospodarske družbe";"2003";92.7
"Primorsko-notranjska";"Gospodarske družbe";"2004";100.0
"Primorsko-notranjska";"Gospodarske družbe";"2005";100.0
"Primorsko-notranjska";"Gospodarske družbe";"2006";91.8
"Primorsko-notranjska";"Gospodarske družbe";"2007";90.8
"Primorsko-notranjska";"Gospodarske družbe";"2008";99.1
"Primorsko-notranjska";"Gospodarske družbe";"2009";92.7
"Primorsko-notranjska";"Gospodarske družbe";"2010";71.0
"Primorsko-notranjska";"Gospodarske družbe";"2011";79.1
"Primorsko-notranjska";"Gospodarske družbe";"2012";56.8
"Primorsko-notranjska";"Gospodarske družbe";"2013";74.2
"Primorsko-notranjska";"Gospodarske družbe";"2014";78.3
"Primorsko-notranjska";"Državni viri";"2003";7.1
"Primorsko-notranjska";"Državni viri";"2004";0.2
"Primorsko-notranjska";"Državni viri";"2005";0.0
"Primorsko-notranjska";"Državni viri";"2006";6.5
"Primorsko-notranjska";"Državni viri";"2007";1.9
"Primorsko-notranjska";"Državni viri";"2008";0.9
"Primorsko-notranjska";"Državni viri";"2009";2.6
"Primorsko-notranjska";"Državni viri";"2010";23.1
"Primorsko-notranjska";"Državni viri";"2011";15.7
"Primorsko-notranjska";"Državni viri";"2012";41.2
"Primorsko-notranjska";"Državni viri";"2013";25.4
"Primorsko-notranjska";"Državni viri";"2014";21.7
"Primorsko-notranjska";"Zasebne nepridobitne organizacije";"2003";0.0
"Primorsko-notranjska";"Zasebne nepridobitne organizacije";"2004";0.0
"Primorsko-notranjska";"Zasebne nepridobitne organizacije";"2005";0.0
"Primorsko-notranjska";"Zasebne nepridobitne organizacije";"2006";0.0
"Primorsko-notranjska";"Zasebne nepridobitne organizacije";"2007";0.0
"Primorsko-notranjska";"Zasebne nepridobitne organizacije";"2008";0.0
"Primorsko-notranjska";"Zasebne nepridobitne organizacije";"2009";0.0
"Primorsko-notranjska";"Zasebne nepridobitne organizacije";"2010";0.0
"Primorsko-notranjska";"Zasebne nepridobitne organizacije";"2011";0.0
"Primorsko-notranjska";"Zasebne nepridobitne organizacije";"2012";0.0
"Primorsko-notranjska";"Zasebne nepridobitne organizacije";"2013";0.0
"Primorsko-notranjska";"Zasebne nepridobitne organizacije";"2014";0.0
"Primorsko-notranjska";"Viri iz tujine";"2003";0.0
"Primorsko-notranjska";"Viri iz tujine";"2004";0.0
"Primorsko-notranjska";"Viri iz tujine";"2005";0.0
"Primorsko-notranjska";"Viri iz tujine";"2006";1.7
"Primorsko-notranjska";"Viri iz tujine";"2007";7.3
"Primorsko-notranjska";"Viri iz tujine";"2008";0.0
"Primorsko-notranjska";"Viri iz tujine";"2009";4.7
"Primorsko-notranjska";"Viri iz tujine";"2010";5.9
"Primorsko-notranjska";"Viri iz tujine";"2011";5.1
"Primorsko-notranjska";"Viri iz tujine";"2012";2.0
"Primorsko-notranjska";"Viri iz tujine";"2013";0.4
"Primorsko-notranjska";"Viri iz tujine";"2014";0.0
"Goriška";"Gospodarske družbe";"2003";92.7
"Goriška";"Gospodarske družbe";"2004";100.0
"Goriška";"Gospodarske družbe";"2005";100.0
"Goriška";"Gospodarske družbe";"2006";91.8
"Goriška";"Gospodarske družbe";"2007";90.8
"Goriška";"Gospodarske družbe";"2008";99.1
"Goriška";"Gospodarske družbe";"2009";92.7
"Goriška";"Gospodarske družbe";"2010";71.0
"Goriška";"Gospodarske družbe";"2011";76.3
"Goriška";"Gospodarske družbe";"2012";75.9
"Goriška";"Gospodarske družbe";"2013";79.6
"Goriška";"Gospodarske družbe";"2014";88.9
"Goriška";"Državni viri";"2003";7.1
"Goriška";"Državni viri";"2004";0.0
"Goriška";"Državni viri";"2005";0.0
"Goriška";"Državni viri";"2006";6.5
"Goriška";"Državni viri";"2007";1.9
"Goriška";"Državni viri";"2008";0.9
"Goriška";"Državni viri";"2009";2.6
"Goriška";"Državni viri";"2010";23.1
"Goriška";"Državni viri";"2011";21.1
"Goriška";"Državni viri";"2012";21.8
"Goriška";"Državni viri";"2013";16.2
"Goriška";"Državni viri";"2014";6.4
"Goriška";"Zasebne nepridobitne organizacije";"2003";0.0
"Goriška";"Zasebne nepridobitne organizacije";"2004";0.0
"Goriška";"Zasebne nepridobitne organizacije";"2005";0.0
"Goriška";"Zasebne nepridobitne organizacije";"2006";0.0
"Goriška";"Zasebne nepridobitne organizacije";"2007";0.0
"Goriška";"Zasebne nepridobitne organizacije";"2008";0.0
"Goriška";"Zasebne nepridobitne organizacije";"2009";0.0
"Goriška";"Zasebne nepridobitne organizacije";"2010";0.0
"Goriška";"Zasebne nepridobitne organizacije";"2011";0.1
"Goriška";"Zasebne nepridobitne organizacije";"2012";0.0
"Goriška";"Zasebne nepridobitne organizacije";"2013";0.0
"Goriška";"Zasebne nepridobitne organizacije";"2014";0.0
"Goriška";"Viri iz tujine";"2003";0.0
"Goriška";"Viri iz tujine";"2004";0.0
"Goriška";"Viri iz tujine";"2005";0.0
"Goriška";"Viri iz tujine";"2006";1.7
"Goriška";"Viri iz tujine";"2007";7.3
"Goriška";"Viri iz tujine";"2008";0.0
"Goriška";"Viri iz tujine";"2009";4.7
"Goriška";"Viri iz tujine";"2010";5.9
"Goriška";"Viri iz tujine";"2011";2.5
"Goriška";"Viri iz tujine";"2012";2.3
"Goriška";"Viri iz tujine";"2013";4.2
"Goriška";"Viri iz tujine";"2014";4.7
"Obalno-kraška";"Gospodarske družbe";"2003";92.0
"Obalno-kraška";"Gospodarske družbe";"2004";92.7
"Obalno-kraška";"Gospodarske družbe";"2005";94.4
"Obalno-kraška";"Gospodarske družbe";"2006";91.9
"Obalno-kraška";"Gospodarske družbe";"2007";89.2
"Obalno-kraška";"Gospodarske družbe";"2008";91.4
"Obalno-kraška";"Gospodarske družbe";"2009";90.8
"Obalno-kraška";"Gospodarske družbe";"2010";81.1
"Obalno-kraška";"Gospodarske družbe";"2011";54.9
"Obalno-kraška";"Gospodarske družbe";"2012";71.8
"Obalno-kraška";"Gospodarske družbe";"2013";73.8
"Obalno-kraška";"Gospodarske družbe";"2014";81.4
"Obalno-kraška";"Državni viri";"2003";8.0
"Obalno-kraška";"Državni viri";"2004";6.6
"Obalno-kraška";"Državni viri";"2005";5.3
"Obalno-kraška";"Državni viri";"2006";7.1
"Obalno-kraška";"Državni viri";"2007";10.5
"Obalno-kraška";"Državni viri";"2008";7.3
"Obalno-kraška";"Državni viri";"2009";9.0
"Obalno-kraška";"Državni viri";"2010";17.4
"Obalno-kraška";"Državni viri";"2011";38.3
"Obalno-kraška";"Državni viri";"2012";8.3
"Obalno-kraška";"Državni viri";"2013";6.8
"Obalno-kraška";"Državni viri";"2014";6.0
"Obalno-kraška";"Zasebne nepridobitne organizacije";"2003";0.0
"Obalno-kraška";"Zasebne nepridobitne organizacije";"2004";0.7
"Obalno-kraška";"Zasebne nepridobitne organizacije";"2005";0.0
"Obalno-kraška";"Zasebne nepridobitne organizacije";"2006";0.0
"Obalno-kraška";"Zasebne nepridobitne organizacije";"2007";0.0
"Obalno-kraška";"Zasebne nepridobitne organizacije";"2008";0.0
"Obalno-kraška";"Zasebne nepridobitne organizacije";"2009";0.0
"Obalno-kraška";"Zasebne nepridobitne organizacije";"2010";0.0
"Obalno-kraška";"Zasebne nepridobitne organizacije";"2011";0.0
"Obalno-kraška";"Zasebne nepridobitne organizacije";"2012";4.1
"Obalno-kraška";"Zasebne nepridobitne organizacije";"2013";0.0
"Obalno-kraška";"Zasebne nepridobitne organizacije";"2014";0.0
"Obalno-kraška";"Viri iz tujine";"2003";0.0
"Obalno-kraška";"Viri iz tujine";"2004";0.0
"Obalno-kraška";"Viri iz tujine";"2005";0.2
"Obalno-kraška";"Viri iz tujine";"2006";1.0
"Obalno-kraška";"Viri iz tujine";"2007";0.3
"Obalno-kraška";"Viri iz tujine";"2008";1.3
"Obalno-kraška";"Viri iz tujine";"2009";0.2
"Obalno-kraška";"Viri iz tujine";"2010";1.5
"Obalno-kraška";"Viri iz tujine";"2011";6.7
"Obalno-kraška";"Viri iz tujine";"2012";15.7
"Obalno-kraška";"Viri iz tujine";"2013";19.4
"Obalno-kraška";"Viri iz tujine";"2014";12.6
